aggiorn,docs,0
bw,images,94926
ciao,docs,12
daffodil,images,24657
eclipse,images,64243
nuovo,docs,28
photo,images,30203
pippo,docs,8299
song1,audio,1087849
song2,audio,764176
trump,images,10195
aggiorn,docs,0
bw,images,94926
ciao,docs,12
daffodil,images,24657
eclipse,images,64243
nuovo,docs,28
photo,images,30203
pippo,docs,8299
song1,audio,1087849
song2,audio,764176
trump,images,10195
trump,images,10195
ProvaLinfa,images,177902
aggiorn,docs,0
bw,images,94926
ciao,docs,12
daffodil,images,24657
eclipse,images,64243
nuovo,docs,28
photo,images,30203
pippo,docs,8299
ProvaLinfa,images,177902
song1,audio,1087849
song2,audio,764176
trump,images,10195
aggiorn,docs,0
bw,images,94926
ciao,docs,12
daffodil,images,24657
eclipse,images,64243
nuovo,docs,28
photo,images,30203
pippo,docs,8299
ProvaLinfa,images,177902
song1,audio,1087849
song2,audio,764176
trump,images,10195
aggiorn,docs,0
bw,images,94926
ciao,docs,12
daffodil,images,24657
eclipse,images,64243
nuovo,docs,28
photo,images,30203
pippo,docs,8299
ProvaLinfa,images,177902
song1,audio,1087849
song2,audio,764176
trump,images,10195
